{
  "total_applicants": 182462,
  "rules_applied": [
    "acquisition_uw_score <= 0.838233 & acquisition_uw_score <= 0.689887 & acquisition_uw_score <= 0.597289 & acquisition_uw_score <= 0.516786",
    "acquisition_uw_score <= 0.838233 & acquisition_uw_score <= 0.689887 & acquisition_uw_score <= 0.597289 & acquisition_uw_score > 0.516786",
    "acquisition_uw_score <= 0.838233 & acquisition_uw_score > 0.689887 & apps_installed_count_missing > 0.500000 & hotspots_overdue_ratio > 0.190947 & acquisition_uw_score <= 0.810201",
    "acquisition_uw_score <= 0.838233 & acquisition_uw_score <= 0.689887 & acquisition_uw_score > 0.597289 & phone_carrier_te > 0.233899",
    "acquisition_uw_score <= 0.838233 & acquisition_uw_score <= 0.689887 & acquisition_uw_score > 0.597289 & phone_carrier_te <= 0.233899",
    "acquisition_uw_score <= 0.838233 & acquisition_uw_score > 0.689887 & apps_installed_count_missing > 0.500000 & hotspots_overdue_ratio > 0.190947 & acquisition_uw_score > 0.810201"
  ],
  "baseline": {
    "kept_pct": 100.0,
    "overall_fpd_pct": 24.99972597033903,
    "bad_n": 45615,
    "good_n": 136847
  },
  "final": {
    "kept_pct": 92.92236191645384,
    "overall_fpd_pct": 22.83660084459858,
    "bad_n": 38719,
    "good_n": 130829
  },
  "band_fpd_pct_final": {
    "1": 14.79398901713196,
    "2": 18.86879316014469,
    "3": 21.933574482078264,
    "4": 24.633344294639922,
    "5": 27.68263452252753,
    "6": 33.22175732217573
  }
}