{
  "total_applicants": 182462,
  "rules_applied": [
    "acquisition_uw_score <= 0.838233 & acquisition_uw_score <= 0.689887 & acquisition_uw_score <= 0.597289 & acquisition_uw_score <= 0.516786",
    "acquisition_uw_score <= 0.838233 & acquisition_uw_score <= 0.689887 & acquisition_uw_score <= 0.597289 & acquisition_uw_score > 0.516786",
    "acquisition_uw_score <= 0.838233 & acquisition_uw_score > 0.689887 & apps_installed_count_missing > 0.500000 & acquisition_uw_score <= 0.808913",
    "acquisition_uw_score <= 0.838233 & acquisition_uw_score <= 0.689887 & acquisition_uw_score > 0.597289 & phone_carrier_te > 0.233899",
    "acquisition_uw_score <= 0.838233 & acquisition_uw_score <= 0.689887 & acquisition_uw_score > 0.597289 & phone_carrier_te <= 0.233899",
    "acquisition_uw_score <= 0.838233 & acquisition_uw_score > 0.689887 & apps_installed_count_missing > 0.500000 & acquisition_uw_score > 0.808913",
    "acquisition_uw_score <= 0.838233 & acquisition_uw_score > 0.689887 & apps_installed_count_missing <= 0.500000 & acquisition_uw_score <= 0.785268",
    "acquisition_uw_score > 0.838233 & acquisition_uw_score <= 0.917851 & phone_carrier_te > 0.271224 & acquisition_uw_score <= 0.878581",
    "acquisition_uw_score <= 0.838233 & acquisition_uw_score > 0.689887 & apps_installed_count_missing <= 0.500000 & acquisition_uw_score > 0.785268"
  ],
  "baseline": {
    "kept_pct": 100.0,
    "overall_fpd_pct": 24.99972597033903,
    "bad_n": 45615,
    "good_n": 136847
  },
  "final": {
    "kept_pct": 74.82105863138626,
    "overall_fpd_pct": 20.46220334016994,
    "bad_n": 27935,
    "good_n": 108585
  },
  "band_fpd_pct_final": {
    "1": NaN,
    "2": 25.50904056035185,
    "3": 23.55611789222983,
    "4": 21.933574482078264,
    "5": 18.86879316014469,
    "6": 14.79398901713196
  }
}