{
  "total_applicants": 182462,
  "rules_applied": [
    "acquisition_uw_score <= 0.838233 & acquisition_uw_score <= 0.689887 & acquisition_uw_score <= 0.597289 & acquisition_uw_score <= 0.516786",
    "acquisition_uw_score <= 0.838233 & acquisition_uw_score <= 0.689887 & acquisition_uw_score <= 0.597289 & acquisition_uw_score > 0.516786",
    "acquisition_uw_score <= 0.838233 & acquisition_uw_score > 0.689887 & first_loan_principal > 423.479996 & first_loan_principal > 1001.600006",
    "acquisition_uw_score <= 0.838233 & acquisition_uw_score <= 0.689887 & acquisition_uw_score > 0.597289 & phone_carrier_te > 0.233899",
    "acquisition_uw_score <= 0.838233 & acquisition_uw_score <= 0.689887 & acquisition_uw_score > 0.597289 & phone_carrier_te <= 0.233899",
    "acquisition_uw_score > 0.838233 & acquisition_uw_score <= 0.917851 & limit_utilization > 0.889079 & limit_utilization > 2.473115"
  ],
  "baseline": {
    "kept_pct": 100.0,
    "overall_fpd_pct": 24.99972597033903,
    "bad_n": 45615,
    "good_n": 136847
  },
  "final": {
    "kept_pct": 93.01498394186186,
    "overall_fpd_pct": 22.863944095170194,
    "bad_n": 38804,
    "good_n": 130913
  },
  "band_fpd_pct_final": {
    "1": 14.79398901713196,
    "2": 18.840150167951,
    "3": 21.63732923611343,
    "4": 24.14318612842048,
    "5": 27.164441321152495,
    "6": 34.483415028791704
  }
}