{
  "total_applicants": 182462,
  "rules_applied": [
    "acquisition_uw_score <= 0.838233 & acquisition_uw_score <= 0.689887 & acquisition_uw_score <= 0.597289 & acquisition_uw_score <= 0.516786",
    "acquisition_uw_score <= 0.838233 & acquisition_uw_score <= 0.689887 & acquisition_uw_score <= 0.597289 & acquisition_uw_score > 0.516786",
    "acquisition_uw_score <= 0.838233 & acquisition_uw_score > 0.689887 & apps_installed_count_missing > 0.500000 & acquisition_uw_score <= 0.808913",
    "acquisition_uw_score <= 0.838233 & acquisition_uw_score <= 0.689887 & acquisition_uw_score > 0.597289 & phone_carrier_te > 0.233899",
    "acquisition_uw_score <= 0.838233 & acquisition_uw_score <= 0.689887 & acquisition_uw_score > 0.597289 & phone_carrier_te <= 0.233899",
    "acquisition_uw_score <= 0.838233 & acquisition_uw_score > 0.689887 & apps_installed_count_missing > 0.500000 & acquisition_uw_score > 0.808913"
  ],
  "baseline": {
    "kept_pct": 100.0,
    "overall_fpd_pct": 24.99972597033903,
    "bad_n": 45615,
    "good_n": 136847
  },
  "final": {
    "kept_pct": 91.89310650984862,
    "overall_fpd_pct": 22.67191507127095,
    "bad_n": 38014,
    "good_n": 129656
  },
  "band_fpd_pct_final": {
    "1": 14.79398901713196,
    "2": 18.86879316014469,
    "3": 21.933574482078264,
    "4": 24.633344294639922,
    "5": 27.52655323079109,
    "6": 32.81686989596152
  }
}