{
  "total_applicants": 182462,
  "rules_applied": [
    "acquisition_uw_score <= 0.838233 & acquisition_uw_score <= 0.689887 & acquisition_uw_score <= 0.597289 & acquisition_channel_source_b <= 0.500000 & acquisition_uw_score <= 0.491564",
    "acquisition_uw_score <= 0.838233 & acquisition_uw_score <= 0.689887 & acquisition_uw_score <= 0.597289 & acquisition_channel_source_b <= 0.500000 & acquisition_uw_score > 0.491564",
    "acquisition_uw_score <= 0.838233 & acquisition_uw_score > 0.689887 & apps_installed_count_missing > 0.500000 & hotspots_overdue_ratio > 0.184984 & acquisition_uw_score <= 0.782922",
    "acquisition_uw_score <= 0.838233 & acquisition_uw_score <= 0.689887 & acquisition_uw_score <= 0.597289 & acquisition_channel_source_b > 0.500000",
    "acquisition_uw_score <= 0.838233 & acquisition_uw_score <= 0.689887 & acquisition_uw_score > 0.597289 & phone_carrier_te > 0.245457",
    "acquisition_uw_score <= 0.838233 & acquisition_uw_score <= 0.689887 & acquisition_uw_score > 0.597289 & phone_carrier_te <= 0.245457 & credits_total_credito_maximo <= 75910.000000",
    "acquisition_uw_score <= 0.838233 & acquisition_uw_score > 0.689887 & apps_installed_count_missing > 0.500000 & hotspots_overdue_ratio > 0.184984 & acquisition_uw_score > 0.782922"
  ],
  "baseline": {
    "kept_pct": 100.0,
    "overall_fpd_pct": 24.99972597033903,
    "bad_n": 45615,
    "good_n": 136847
  },
  "final": {
    "kept_pct": 93.54824566211046,
    "overall_fpd_pct": 22.97088288710528,
    "bad_n": 39209,
    "good_n": 131481
  },
  "band_fpd_pct_final": {
    "1": 14.79398901713196,
    "2": 18.86879316014469,
    "3": 21.933574482078264,
    "4": 24.633344294639922,
    "5": 27.650684216024235,
    "6": 33.7924249877029
  }
}