stage_label,band_1_fpd_pct,band_2_fpd_pct,band_3_fpd_pct,band_4_fpd_pct,band_5_fpd_pct,band_6_fpd_pct
Baseline,14.79398901713196,18.86879316014469,21.933574482078264,24.633344294639922,28.57612627425189,41.19233172207425
After R1,14.79398901713196,18.86879316014469,21.933574482078264,24.633344294639922,28.57612627425189,39.33260586433877
After R1+R2,14.79398901713196,18.86879316014469,21.933574482078264,24.633344294639922,28.57612627425189,38.02694971394158
After R1+R2+R3,14.79398901713196,18.86879316014469,21.933574482078264,24.633344294639922,27.936957915696397,36.95833498828296
After R1+R2+R3+R4,14.79398901713196,18.86879316014469,21.933574482078264,24.633344294639922,27.936957915696397,35.435960160754846
After R1+R2+R3+R4+R5,14.79398901713196,18.86879316014469,21.933574482078264,24.633344294639922,27.936957915696397,34.483415028791704
After R1+R2+R3+R4+R5+R6,14.79398901713196,18.840150167951,21.63732923611343,24.14318612842048,27.164441321152495,34.483415028791704
