stage,stage_label,kept_n,kept_pct,removed_n,removed_pct,overall_fpd_pct,fpd_reduction_pp,bad_n,good_n,marginal_removed_n,marginal_removed_pct,marginal_bad_n,marginal_good_n,marginal_purity_pct,band_1_fpd_pct,band_2_fpd_pct,band_3_fpd_pct,band_4_fpd_pct,band_5_fpd_pct,band_6_fpd_pct
0,Baseline,182462,100.0,0,0.0,24.99972597033903,0.0,45615,136847,0,0.0,0,0,,14.79398901713196,18.86879316014469,21.933574482078264,24.633344294639922,28.57612627425189,41.19233172207425
1,After R1,181505,99.47550722890246,957,0.5244927710975436,24.744221922261094,0.2555040480779347,44912,136593,957,0.5244927710975436,703,254,73.45872518286312,14.79398901713196,18.86879316014469,21.933574482078264,24.633344294639922,28.57612627425189,40.14395328308549
2,After R1+R2,180367,98.85181572053358,2095,1.1481842794664094,24.507809078157315,0.4919168921817132,44204,136163,1138,0.6236915083688659,708,430,62.214411247803156,14.79398901713196,18.86879316014469,21.933574482078264,24.633344294639922,28.57612627425189,39.256957197344256
3,After R1+R2+R3,179454,98.35143755960145,3008,1.6485624403985488,24.32378213915544,0.6759438311835879,43650,135804,913,0.5003781609321394,554,359,60.67907995618839,14.79398901713196,18.86879316014469,21.933574482078264,24.633344294639922,28.57612627425189,38.54322519432179
4,After R1+R2+R3+R4,177706,97.39342986484857,4756,2.6065701351514288,23.992999673618222,1.0067262967208066,42637,135069,1748,0.9580076947528801,1013,735,57.95194508009154,14.79398901713196,18.86879316014469,21.933574482078264,24.633344294639922,28.57612627425189,37.22081465601247
5,After R1+R2+R3+R4+R5,176762,96.87606186493626,5700,3.1239381350637396,23.814507643045452,1.1852183272935761,42095,134667,944,0.5173679999123105,542,402,57.41525423728814,14.79398901713196,18.86879316014469,21.933574482078264,24.633344294639922,28.57612627425189,36.449354538464654
6,After R1+R2+R3+R4+R5+R6,174916,95.86434435663315,7546,4.135655643366838,23.53929886345446,1.4604271068845698,41174,133742,1846,1.0117175083030987,921,925,49.89165763813651,14.79398901713196,18.86879316014469,21.933574482078264,24.633344294639922,28.57612627425189,35.364093592827466
7,After R1+R2+R3+R4+R5+R6+R7,170690,93.54824566211046,11772,6.451754337889533,22.97088288710528,2.028843083233749,39209,131481,4226,2.316098694522695,1965,2261,46.49787032654993,14.79398901713196,18.86879316014469,21.933574482078264,24.633344294639922,27.650684216024235,33.7924249877029
