stage,stage_label,kept_n,kept_pct,removed_n,removed_pct,overall_fpd_pct,fpd_reduction_pp,bad_n,good_n,marginal_removed_n,marginal_removed_pct,marginal_bad_n,marginal_good_n,marginal_purity_pct,band_1_fpd_pct,band_2_fpd_pct,band_3_fpd_pct,band_4_fpd_pct,band_5_fpd_pct,band_6_fpd_pct
0,Baseline,182462,100.0,0,0.0,24.99972597033903,0.0,45615,136847,0,0.0,0,0,,14.79398901713196,18.86879316014469,21.933574482078264,24.633344294639922,28.57612627425189,41.19233172207425
1,After R1,180460,98.9027852374741,2002,1.0972147625258957,24.527319073478886,0.4724068968601429,44262,136198,2002,1.0972147625258957,1353,649,67.58241758241759,14.79398901713196,18.86879316014469,21.933574482078264,24.633344294639922,28.57612627425189,39.33260586433877
2,After R1+R2,178619,97.89380802578071,3843,2.1061919742192896,24.180518309922235,0.8192076604167937,43191,135428,1841,1.0089772116933937,1071,770,58.174904942965775,14.79398901713196,18.86879316014469,21.933574482078264,24.633344294639922,28.57612627425189,38.02694971394158
3,After R1+R2+R3,176449,96.70451929716873,6013,3.2954807028312745,23.79214390560445,1.2075820647345772,41981,134468,2170,1.1892887286119849,1210,960,55.76036866359447,14.79398901713196,18.86879316014469,21.933574482078264,24.633344294639922,27.936957915696397,36.95833498828296
4,After R1+R2+R3+R4,174164,95.45220374653353,8298,4.547796253466475,23.41930594152638,1.5804200288126502,40788,133376,2285,1.2523155506352008,1193,1092,52.21006564551423,14.79398901713196,18.86879316014469,21.933574482078264,24.633344294639922,27.936957915696397,35.435960160754846
5,After R1+R2+R3+R4+R5,172285,94.42240028060638,10177,5.577599719393627,23.172069535943347,1.8276564343956814,39922,132363,1879,1.029803465927152,866,1013,46.08834486428952,14.79398901713196,18.86879316014469,21.933574482078264,24.633344294639922,27.936957915696397,34.483415028791704
6,After R1+R2+R3+R4+R5+R6,169717,93.01498394186186,12745,6.985016058138132,22.863944095170194,2.135781875168835,38804,130913,2568,1.4074163387445058,1118,1450,43.53582554517134,14.79398901713196,18.840150167951,21.63732923611343,24.14318612842048,27.164441321152495,34.483415028791704
